{
    "foreground_intensity_properties_per_channel": {
        "0": {
            "max": 1576.0,
            "mean": 243.54541015625,
            "median": 125.0,
            "min": -387.0,
            "percentile_00_5": -2.0,
            "percentile_99_5": 1280.0,
            "std": 259.6874694824219
        }
    },
    "median_relative_size_after_cropping": 1.0,
    "shapes_after_crop": [
        [
            128,
            256,
            256
        ],
        [
            128,
            256,
            256
        ]
    ],
    "spacings": [
        [
            0.800000011920929,
            0.7739999890327454,
            0.7739999890327454
        ],
        [
            0.800000011920929,
            0.7739999890327454,
            0.7739999890327454
        ]
    ]
}